Date,Open,High,Low,Close,Volume,Adj Close
2014-05-01,128.809998,129.25,128.149994,129.059998,2655500,129.059998
2014-05-02,129.449997,129.729996,127.82,128.089996,4276700,128.089996
2014-05-05,127.190002,127.190002,126.080002,126.610001,3486100,126.610001
2014-05-06,126.129997,126.290001,124.059998,124.669998,5381100,124.669998
2014-05-07,125.400002,127.529999,125.32,127.449997,3301400,127.449997
2014-05-08,127.230003,127.489998,126.330002,126.669998,2773300,126.669998
2014-05-09,126.25,127.370003,125.849998,127.339996,2935600,127.339996
2014-05-12,127.870003,128.240005,126.889999,127.290001,3406900,127.290001
2014-05-13,127.690002,127.919998,127.059998,127.889999,2127500,127.889999
2014-05-14,127.800003,128,127.510002,127.529999,2685300,127.529999
2014-05-15,127.300003,127.440002,126,126.360001,3206100,126.360001
2014-05-16,126.410004,126.919998,125.660004,126.860001,2897800,126.860001
2014-05-19,126.769997,127.209999,126.110001,127.129997,2242400,127.129997
2014-05-20,126.919998,126.940002,125.699997,126.059998,2292300,126.059998
2014-05-21,126.5,126.940002,126.220001,126.660004,1917000,126.660004
2014-05-22,126.949997,127.150002,126.529999,126.980003,1546600,126.980003
2014-05-23,127.220001,127.32,126.309998,126.800003,1807700,126.800003
2014-05-27,127.410004,127.75,127.25,127.519997,2251600,127.519997
2014-05-28,127.43,127.940002,127.260002,127.459999,2211300,127.459999
2014-05-29,127.419998,128.199997,127.099998,128.110001,2028900,128.110001
2014-05-30,127.669998,128.5,127.620003,128.339996,2916700,128.339996
2014-06-02,128.279999,128.75,127.370003,127.879997,2007200,127.879997
2014-06-03,127.290001,127.68,126.610001,126.93,2445000,126.93
2014-06-04,127,127.610001,126.790001,127.230003,1760000,127.230003
2014-06-05,127.559998,128.220001,127.110001,128.199997,2165000,128.199997
2014-06-06,128.199997,128.649994,128.080002,128.649994,2241500,128.649994
2014-06-09,128.330002,128.619995,127.57,127.989998,2385200,127.989998
2014-06-10,127.599998,128.300003,127.580002,128.25,2174200,128.25
2014-06-11,127.860001,128.479996,127.860001,128.220001,2422300,128.220001
2014-06-12,128.460007,128.589996,126.93,127.279999,2408700,127.279999
2014-06-13,127.269997,127.510002,125.5,126.540001,3397900,126.540001
2014-06-16,125.949997,126.339996,125.709999,126.150002,2545800,126.150002
2014-06-17,126.050003,126.349998,125.599998,126.029999,2583600,126.029999
2014-06-18,125.940002,127.349998,125.440002,127.169998,2925400,127.169998
2014-06-19,127.559998,127.57,126.559998,127.25,2954200,127.25
2014-06-20,127.43,128.100006,126.5,126.739998,6161300,126.739998
2014-06-23,126.800003,126.980003,126.300003,126.669998,2768500,126.669998
2014-06-24,126.349998,127.370003,126.349998,126.779999,2862500,126.779999
2014-06-25,126.879997,127.349998,126.489998,127.129997,2531600,127.129997
2014-06-26,127.199997,127.279999,126.059998,127.099998,2148300,127.099998
2014-06-27,126.830002,127.489998,126.629997,127.32,3125300,127.32
2014-06-30,127.110001,127.129997,126.379997,126.559998,2732800,126.559998
2014-07-01,126.720001,127.639999,126.660004,127.239998,2885300,127.239998
2014-07-02,127.080002,127.730003,126.830002,127.730003,2599700,127.730003
2014-07-03,127.910004,129.389999,127.809998,129.300003,2511400,129.300003
2014-07-07,129.149994,129.149994,128.169998,128.699997,2875600,128.699997
2014-07-08,128.240005,129.089996,128.169998,128.220001,3052400,128.220001
2014-07-09,128.490005,128.869995,128.309998,128.75,1923800,128.75
2014-07-10,128,128.720001,127.610001,128.449997,2788600,128.449997
2014-07-11,128.300003,128.720001,127.93,128.630005,1819800,128.630005
2014-07-14,129,129.279999,128.679993,128.979996,1541600,128.979996
2014-07-15,128.679993,129.169998,128,128.490005,2931200,128.490005
2014-07-16,128.660004,128.75,127.879997,128.110001,2297600,128.110001
2014-07-17,127.919998,128.119995,126.400002,126.519997,2834500,126.519997
2014-07-18,126.910004,128.449997,126.879997,128.279999,3563500,128.279999
2014-07-21,127.919998,128.75,127.620003,128.580002,1787200,128.580002
2014-07-22,129,129,128.229996,128.419998,1786200,128.419998
2014-07-23,128.240005,128.580002,128.050003,128.130005,1527600,128.130005
2014-07-24,128.389999,128.679993,128.059998,128.350006,2241300,128.350006
2014-07-25,128.020004,128.169998,127.400002,127.550003,1807700,127.550003
2014-07-28,127.550003,128.449997,126.629997,128.369995,1966900,128.369995
2014-07-29,128.259995,128.660004,127.360001,127.360001,2346600,127.360001
2014-07-30,127.510002,128.419998,126.830002,127.739998,2066400,127.739998
2014-07-31,127.239998,127.760002,125.370003,125.43,3630600,125.43
2014-08-01,125,126.949997,122.720001,125.830002,3947900,125.830002
2014-08-04,128.059998,130.029999,127.080002,129.720001,4876800,129.720001
2014-08-05,129.699997,129.75,127.360001,127.989998,3370600,127.989998
2014-08-06,127.970001,129.570007,127.510002,129.110001,2719300,129.110001
2014-08-07,129.690002,129.880005,128.520004,128.949997,3443100,128.949997
2014-08-08,128.800003,130.949997,128.619995,130.899994,3761100,130.899994
2014-08-11,131.410004,132.800003,130.940002,131.949997,2782400,131.949997
2014-08-12,132.240005,133.190002,131.660004,133.059998,2742900,133.059998
2014-08-13,133.339996,133.429993,132.460007,133.080002,2850400,133.080002
2014-08-14,133.229996,135.380005,133.139999,135.300003,4483400,135.300003
2014-08-15,135.789993,135.800003,133.130005,134.339996,3940500,134.339996
2014-08-18,135.470001,135.470001,134.679993,135.029999,2960400,135.029999
2014-08-19,135.850006,135.850006,134.520004,134.899994,2284200,134.899994
2014-08-20,135,135.100006,134.449997,134.910004,2329800,134.910004
2014-08-21,135.240005,136.820007,135.039993,136.809998,3328000,136.809998
2014-08-22,136.410004,136.600006,135.559998,135.75,2417200,135.75
2014-08-25,136.429993,136.75,136.070007,136.229996,2305900,136.229996
2014-08-26,136.690002,136.75,136.119995,136.25,2144700,136.25
2014-08-27,136.610001,136.690002,136.009995,136.520004,1893400,136.520004
2014-08-28,136.279999,136.509995,135.880005,136.110001,2114000,136.110001
2014-08-29,136.179993,137.25,136.009995,137.25,2898100,137.25
2014-09-02,138.029999,138.270004,137.059998,137.960007,3319300,137.960007
2014-09-03,138.5,138.5,137.339996,137.729996,2789600,137.729996
2014-09-04,137.970001,138.550003,137.419998,137.949997,2563100,137.949997
2014-09-05,137.710007,138.350006,137.339996,138.070007,3475900,138.070007
2014-09-08,138.169998,138.899994,138.050003,138.279999,2536000,138.279999
2014-09-09,138.339996,138.419998,136.679993,136.889999,2959500,136.889999
2014-09-10,137.270004,137.949997,137.160004,137.720001,2037900,137.720001
2014-09-11,137.169998,137.970001,137,137.919998,2016900,137.919998
2014-09-12,137.919998,138.179993,136.759995,137.089996,3291300,137.089996
2014-09-15,137.729996,138.130005,137.009995,138.039993,2859500,138.039993
2014-09-16,138,138.990005,137.610001,138.690002,2672400,138.690002
2014-09-17,139.139999,140.179993,138.710007,139.610001,3833000,139.610001
2014-09-18,140.25,141.570007,139.75,141.279999,3870300,141.279999
2014-09-19,142.149994,142.449997,140.300003,140.559998,9412100,140.559998
2014-09-22,140.559998,140.729996,139.190002,139.259995,3422400,139.259995
2014-09-23,139.179993,139.710007,138.75,138.779999,2767600,138.779999
2014-09-24,138.779999,140.070007,138.679993,139.949997,2801200,139.949997
2014-09-25,139.889999,139.949997,136.889999,137.089996,4583500,137.089996
2014-09-26,137,138.970001,137,138.679993,2872100,138.679993
2014-09-29,137.759995,138.699997,137.559998,138.330002,2201800,138.330002
2014-09-30,138.479996,138.740005,137.690002,138.139999,3469400,138.139999
2014-10-01,138.369995,138.380005,136.190002,136.619995,3697000,136.619995
2014-10-02,136.610001,138.139999,136.610001,137.639999,4594800,137.639999
2014-10-03,138.410004,139.660004,138.160004,139.5,3940400,139.5
2014-10-06,140.25,140.460007,138.630005,139.160004,3464300,139.160004
2014-10-07,138.660004,138.839996,136.710007,136.720001,3286500,136.720001
2014-10-08,136.75,140.199997,136.600006,139.940002,4842200,139.940002
2014-10-09,140.289993,140.289993,137.070007,137.089996,6590100,137.089996
2014-10-10,136.899994,139.449997,136.729996,136.759995,4838800,136.759995
2014-10-13,136.600006,138.070007,136.309998,136.380005,4383300,136.380005
2014-10-14,137,138.899994,136.5,137.389999,5019600,137.389999
2014-10-15,136.589996,136.779999,132.029999,135.639999,8593900,135.639999
2014-10-16,133.029999,135.649994,132.100006,134.699997,5038100,134.699997
2014-10-17,136.059998,137.669998,135.520004,137.089996,5182900,137.089996
2014-10-20,137.070007,137.479996,136.410004,137.229996,3245500,137.229996
2014-10-21,138.070007,138.979996,137.350006,138.970001,4183300,138.970001
2014-10-22,139.339996,139.479996,137.600006,137.649994,4023100,137.649994
2014-10-23,139.199997,139.529999,138.389999,138.679993,3907000,138.679993
2014-10-24,138.649994,139.520004,138.369995,139.399994,2924400,139.399994
2014-10-27,139.190002,139.649994,138.940002,139.529999,2812200,139.529999
2014-10-28,140,140.460007,139.5,140.460007,3885900,140.460007
2014-10-29,140.529999,140.679993,138.949997,139.990005,3484000,139.990005
2014-10-30,139.410004,139.919998,138.759995,139.539993,3513800,139.539993
2014-10-31,140.899994,141.520004,139.360001,140.160004,5712500,140.160004
2014-11-03,140.880005,140.910004,139.550003,140.809998,3047900,140.809998
2014-11-04,141.059998,142.240005,140.880005,142.179993,3507900,142.179993
2014-11-05,143.210007,143.479996,141.850006,142.919998,2874200,142.919998
2014-11-06,143.25,143.460007,142.229996,143.289993,2717100,143.289993
2014-11-07,143.759995,143.990005,142.869995,143.610001,3235400,143.610001
2014-11-10,143.949997,145.070007,143.809998,145.050003,3612200,145.050003
2014-11-11,145.460007,145.690002,144.75,144.949997,2904700,144.949997
2014-11-12,144.919998,145.75,144.699997,145.520004,3015400,145.520004
2014-11-13,145.699997,146.289993,145.529999,146.289993,3056500,146.289993
2014-11-14,146.350006,146.479996,145.059998,145.520004,2704300,145.520004
2014-11-17,145.529999,145.679993,144.699997,145.369995,2426600,145.369995
2014-11-18,145.740005,146.399994,145.289993,145.809998,2636700,145.809998
2014-11-19,145.860001,146.080002,145.029999,145.649994,2371400,145.649994
2014-11-20,145.139999,145.75,145.039993,145.720001,2049900,145.720001
2014-11-21,147.009995,147.149994,146.210007,146.699997,3418700,146.699997
2014-11-24,147.110001,147.419998,146.699997,147.270004,3752100,147.270004
2014-11-25,147.5,148.009995,147.380005,147.809998,3749500,147.809998
2014-11-26,148.110001,148.309998,147.929993,148.190002,2114400,148.190002
2014-11-28,148.550003,149.490005,148.369995,148.690002,2282000,148.690002
2014-12-01,148.610001,149.940002,148.179993,148.520004,3320300,148.520004
2014-12-02,149.279999,150,148.660004,149.869995,3181400,149.869995
2014-12-03,150.149994,150.490005,149.509995,149.729996,3004100,149.729996
2014-12-04,149.960007,150.149994,149.229996,150.050003,2418500,150.050003
2014-12-05,150.380005,150.679993,150.100006,150.679993,2780300,150.679993
2014-12-08,150.880005,152.940002,150.649994,151.940002,5263600,151.940002
2014-12-09,151.449997,151.449997,148.910004,150.460007,4569600,150.460007
2014-12-10,150.360001,151.259995,148.820007,149.080002,6574400,149.080002
2014-12-11,149.789993,151.270004,149.5,150.130005,3627500,150.130005
2014-12-12,149.309998,149.889999,146.300003,146.460007,5208800,146.460007
2014-12-15,147.970001,148.419998,144.75,146.119995,4727900,146.119995
2014-12-16,145.369995,148.729996,145,145.279999,5020600,145.279999
2014-12-17,145.759995,148.630005,145.529999,148.449997,4838800,148.449997
2014-12-18,151.160004,152.740005,150.149994,152.669998,7867100,152.669998
2014-12-19,152.330002,152.660004,150.830002,151.559998,9392900,151.559998
2014-12-22,151.979996,152.550003,151.089996,151.899994,5938500,151.899994
2014-12-23,152.190002,152.699997,151.679993,151.75,3472800,151.75
2014-12-24,152.429993,152.440002,151.520004,151.539993,1612200,151.539993
2014-12-26,151.660004,152.130005,151.25,151.350006,1934800,151.350006
2014-12-29,151.020004,152.259995,151.020004,152.050003,3223400,152.050003
2014-12-30,151.350006,152.220001,151.190002,152.089996,2108900,152.089996
2014-12-31,152.199997,152.669998,150.149994,150.149994,3324800,150.149994
2015-01-02,151.5,151.600006,148.5,149.169998,3436400,149.169998
2015-01-05,148.809998,149,146.779999,147,4168800,147
2015-01-06,147.639999,148.529999,146.110001,146.839996,4116100,146.839996
2015-01-07,147.940002,149.139999,147.649994,148.880005,4159100,148.880005
2015-01-08,150.600006,151.369995,150.509995,151.369995,4282100,151.369995
2015-01-09,151.649994,151.690002,149.259995,149.470001,3360200,149.470001
2015-01-12,149.960007,150.119995,147.949997,148.279999,5919400,148.279999
2015-01-13,149.949997,150.990005,147.770004,148.630005,3908100,148.630005
2015-01-14,147.270004,148.369995,146.419998,147.820007,4802000,147.820007
2015-01-15,148.529999,148.529999,146.800003,147.580002,2892200,147.580002
2015-01-16,147.199997,149.259995,146.559998,149.210007,4313800,149.210007
2015-01-20,150.279999,150.600006,148.080002,148.630005,4053300,148.630005
2015-01-21,148.339996,148.429993,146.589996,147.179993,4660700,147.179993
2015-01-22,148.009995,150.210007,147.259995,150.149994,5892000,150.149994
2015-01-23,149.990005,150,149.089996,149.119995,3175800,149.119995
2015-01-26,149.190002,149.729996,148.160004,149.699997,2461400,149.699997
2015-01-27,148.25,148.800003,147.550003,147.649994,3220300,147.649994
2015-01-28,148.360001,148.770004,144.770004,144.779999,6388800,144.779999
2015-01-29,145.399994,146.940002,144.25,146.289993,4461200,146.289993
2015-01-30,145.570007,146.199997,143.889999,143.910004,6242300,143.910004
2015-02-02,144.130005,146.75,143.300003,146.729996,5119500,146.729996
2015-02-03,147.75,148.479996,146.860001,148.289993,4981700,148.289993
2015-02-04,148.259995,148.5,147.100006,147.529999,3574200,147.529999
2015-02-05,147.889999,149.880005,147.75,149.669998,3084500,149.669998
2015-02-06,149.800003,151.630005,149.550003,150.179993,4050600,150.179993
2015-02-09,149.910004,149.970001,148.720001,149.130005,2429700,149.130005
2015-02-10,149.660004,150.509995,148.899994,149.919998,2975500,149.919998
2015-02-11,149.839996,150.270004,148.800003,149.679993,2732200,149.679993
2015-02-12,150,150.410004,149.360001,149.789993,3608600,149.789993
2015-02-13,149.600006,149.600006,148.009995,148.339996,3669400,148.339996
2015-02-17,148.360001,149.369995,148.160004,149.169998,2737300,149.169998
2015-02-18,148.779999,149.130005,148.220001,148.669998,2219900,148.669998
2015-02-19,148.210007,148.350006,147.089996,147.479996,2757800,147.479996
2015-02-20,147.270004,148.720001,146.580002,148.720001,4877600,148.720001
2015-02-23,148.199997,148.449997,146.820007,147.369995,3775500,147.369995
2015-02-24,147.5,149.360001,147.25,148.949997,2914700,148.949997
2015-02-25,149.389999,149.389999,148.470001,148.779999,2671900,148.779999
2015-02-26,148.550003,148.970001,147.899994,148.339996,2549800,148.339996
2015-02-27,148.220001,148.320007,147.050003,147.410004,3377400,147.410004
2015-03-02,147.710007,147.979996,145.889999,147.080002,4896700,147.080002
2015-03-03,146.789993,146.940002,145.059998,145.929993,3969600,145.929993
2015-03-04,145.199997,145.509995,144.070007,144.919998,3250100,144.919998
2015-03-05,145.410004,146.25,144.830002,146.059998,2711700,146.059998
2015-03-06,146.139999,147.479996,145.100006,145.279999,4099400,145.279999
2015-03-09,145.5,146.529999,145.25,146.130005,2608800,146.130005
2015-03-10,145.419998,145.440002,143.179993,143.190002,5258200,143.190002
2015-03-11,143.479996,144.240005,143.240005,143.440002,2893800,143.440002
2015-03-12,144.339996,145.729996,144.009995,145.669998,3539600,145.669998
2015-03-13,145.279999,145.5,143.270004,143.970001,3320700,143.970001
2015-03-16,144.919998,146.070007,144.779999,145.979996,3858600,145.979996
2015-03-17,145.089996,145.470001,143.940002,144.75,2580000,144.75
2015-03-18,144.559998,146.550003,143.940002,146,3490600,146
2015-03-19,145.639999,146,144.449997,144.880005,2633800,144.880005
2015-03-20,145.229996,145.820007,144.889999,145.529999,5858700,145.529999
2015-03-23,145.479996,146.289993,145.020004,145.559998,3046900,145.559998
2015-03-24,145.259995,145.460007,144.240005,144.289993,2764500,144.289993
2015-03-25,144.679993,144.929993,143.559998,143.559998,3993400,143.559998
2015-03-26,142.699997,143.710007,142.5,143.029999,3549800,143.029999
2015-03-27,143.479996,143.910004,142.899994,143.889999,3480700,143.889999
2015-03-30,144.470001,146.119995,144.149994,145.979996,3348900,145.979996
2015-03-31,145.759995,145.770004,144.259995,144.320007,3600200,144.320007
2015-04-01,144.339996,144.630005,143.389999,143.449997,3693600,143.449997
2015-04-02,143.589996,143.899994,143.149994,143.559998,2336100,143.559998
2015-04-06,143,144.449997,142.570007,143.759995,2446900,143.759995
2015-04-07,143.559998,144.020004,143,143.059998,2760900,143.059998
2015-04-08,143.100006,143.779999,142.820007,143.279999,4775700,143.279999
2015-04-09,143.020004,143.699997,142.779999,143.649994,2821000,143.649994
2015-04-10,143.419998,143.75,143.020004,143.5,2353800,143.5
2015-04-13,143.279999,143.949997,143,143.460007,2149500,143.460007
2015-04-14,143.649994,143.770004,142.119995,142.75,2929700,142.75
2015-04-15,142.729996,143.479996,142.580002,142.710007,2620700,142.710007
2015-04-16,142.5,142.800003,141.699997,142.100006,2693100,142.100006
2015-04-17,141.199997,141.539993,140.330002,140.699997,4613700,140.699997
2015-04-20,141.690002,142.410004,141.509995,142.089996,2669600,142.089996
2015-04-21,142.399994,142.470001,141.119995,141.139999,3008200,141.139999
2015-04-22,141.410004,142.220001,141.089996,141.990005,2629400,141.990005
2015-04-23,141.949997,143.020004,141.630005,142.429993,2630700,142.429993
2015-04-24,142,142.550003,141.75,142.089996,2255500,142.089996
2015-04-27,142.279999,142.360001,140.869995,141.089996,3210600,141.089996
2015-04-28,140.809998,142.630005,140.589996,142.520004,2564700,142.520004
2015-04-29,141.630005,142.759995,141.570007,142.410004,3127000,142.410004
2015-04-30,141.779999,142.570007,140.929993,141.210007,3554600,141.210007
2015-05-01,142,143.360001,141.789993,143.360001,2797900,143.360001
2015-05-04,144.949997,146.330002,144,146.149994,4229400,146.149994
2015-05-05,145.910004,146.419998,144.509995,144.559998,2993500,144.559998
2015-05-06,145,145.440002,142.940002,143.779999,3320500,143.779999
2015-05-07,143.410004,145.520004,143.360001,145.309998,3314300,145.309998
2015-05-08,146.559998,148.419998,146.399994,148.309998,5277900,148.309998
2015-05-11,148.5,148.570007,146,146.169998,3814700,146.169998
2015-05-12,145.350006,145.389999,144.029999,144.789993,2823200,144.789993
2015-05-13,144.160004,144.729996,144.020004,144.259995,2621700,144.259995
2015-05-14,145.220001,145.830002,144.520004,145.779999,2326400,145.779999
2015-05-15,145.929993,146.089996,144.649994,145.259995,2423500,145.259995
2015-05-18,145.389999,145.899994,145.039993,145.830002,2266200,145.830002
2015-05-19,145.830002,147,145.259995,146.539993,2635700,146.539993
2015-05-20,146.410004,146.440002,145.639999,145.940002,2239100,145.940002
2015-05-21,145.600006,145.929993,145.160004,145.270004,2293900,145.270004
2015-05-22,145.100006,145.270004,144.529999,144.600006,2188300,144.600006
2015-05-26,144.440002,144.910004,143.559998,143.630005,3299400,143.630005
2015-05-27,143.710007,145.149994,143.580002,144.75,2275400,144.75
2015-05-28,144.929993,145.100006,144.009995,144.740005,2300000,144.740005
2015-05-29,144.869995,144.990005,143,143,3641100,143
2015-06-01,143.259995,144.070007,143.059998,143.350006,2579400,143.350006
2015-06-02,143.199997,143.350006,142.279999,143.029999,2737900,143.029999
2015-06-03,143.429993,143.729996,142.559998,143.190002,2260800,143.190002
2015-06-04,142.570007,142.899994,141.229996,141.369995,3369100,141.369995
2015-06-05,141.509995,141.809998,140.520004,140.759995,3343900,140.759995
2015-06-08,140.429993,140.699997,139.520004,139.520004,2998600,139.520004
2015-06-09,139.210007,140.389999,139.139999,139.630005,2612800,139.630005
2015-06-10,140,141.5,139.679993,140.860001,3156700,140.860001
2015-06-11,141.429993,141.610001,140.600006,141.360001,2436000,141.360001
2015-06-12,141.119995,141.149994,139.779999,140.289993,2768400,140.289993
2015-06-15,139.720001,139.960007,138.779999,139.399994,2859500,139.399994
2015-06-16,139.470001,139.729996,138.919998,139.710007,2369900,139.710007
2015-06-17,139.850006,140.559998,139.160004,139.970001,2280200,139.970001
2015-06-18,140.25,142.809998,140.199997,142.669998,4583700,142.669998
2015-06-19,142.179993,142.960007,140.960007,140.960007,6044000,140.960007
2015-06-22,142,142.539993,141.110001,141.529999,2339300,141.529999
2015-06-23,141.619995,142.149994,140.949997,141.330002,1974500,141.330002
2015-06-24,140.75,141.410004,140.089996,140.089996,2709400,140.089996
2015-06-25,140.059998,140.649994,139.449997,139.449997,2616700,139.449997
2015-06-26,139.919998,140.160004,139.119995,139.779999,4480200,139.779999
2015-06-29,139,139.240005,136.419998,136.509995,6703700,136.509995
2015-06-30,137.520004,137.800003,136.080002,136.110001,5160300,136.110001
2015-07-01,137.699997,138.300003,136.740005,137.520004,3244900,137.520004
2015-07-02,137.899994,138.160004,137.059998,137.389999,2823700,137.389999
2015-07-06,136.130005,137.419998,136.039993,136.889999,2962100,136.889999
2015-07-07,137.300003,138.649994,136.039993,138.440002,4642300,138.440002
2015-07-08,137.550003,137.960007,136.75,136.899994,3642300,136.899994
2015-07-09,138.009995,138.839996,137.940002,138.25,3570300,138.25
2015-07-10,139.509995,140.300003,138.960007,139.729996,3774900,139.729996
2015-07-13,140.800003,141.490005,140.449997,141.389999,3139800,141.389999
2015-07-14,141.139999,141.639999,140.919998,141.119995,2415200,141.119995
2015-07-15,141.369995,142.639999,141.199997,142.610001,2995300,142.610001
2015-07-16,143.149994,143.919998,143,143.919998,3179600,143.919998
2015-07-17,143.720001,144,143.440002,143.880005,2982900,143.880005
2015-07-20,143.960007,144.690002,143.710007,144.509995,2467500,144.509995
2015-07-21,144.229996,144.600006,143.080002,143.600006,3116500,143.600006
2015-07-22,143.550003,144,143.059998,143.520004,2578000,143.520004
2015-07-23,143.270004,143.410004,142.059998,142.179993,2322700,142.179993
2015-07-24,142,142.360001,141.190002,141.25,2363300,141.25
2015-07-27,141.139999,141.369995,140.419998,140.720001,2903600,140.720001
2015-07-28,141.589996,143.589996,141.130005,143.220001,3252700,143.220001
2015-07-29,143.25,143.690002,142.610001,142.919998,2555800,142.919998
2015-07-30,142.809998,143.059998,142.110001,142.850006,2018300,142.850006
2015-07-31,143.309998,143.75,142.600006,142.740005,3074100,142.740005
2015-08-03,143.110001,143.320007,140.919998,142.330002,2540700,142.330002
2015-08-04,142.220001,143.059998,142.009995,142.679993,2618000,142.679993
2015-08-05,143.320007,143.990005,143.220001,143.5,2615800,143.5
2015-08-06,143.5,143.839996,143,143.350006,2418200,143.350006
2015-08-07,142.860001,143.699997,142.300003,143.550003,2419000,143.550003
2015-08-10,141.369995,143.580002,141.309998,143.419998,4278300,143.419998
2015-08-11,141.830002,143.070007,141.610001,142.800003,3924400,142.800003
2015-08-12,141.910004,142.149994,140.460007,141.600006,4901200,141.600006
2015-08-13,141.309998,142.610001,140.990005,141.949997,3045200,141.949997
2015-08-14,142.050003,142.75,141.990005,142.570007,2911200,142.570007
2015-08-17,142,142.460007,141.309998,142.320007,2788100,142.320007
2015-08-18,142.289993,142.300003,141.020004,141.360001,3334100,141.360001
2015-08-19,141,141.710007,139.75,140.470001,3470200,140.470001
2015-08-20,139.199997,140,138.350006,138.389999,4050800,138.389999
2015-08-21,137.229996,138,134.160004,134.220001,9122400,134.220001
2015-08-24,127.550003,133.970001,125.5,129.570007,13820800,129.570007
2015-08-25,134.479996,134.550003,127.459999,127.739998,8233100,127.739998
2015-08-26,130.889999,132.880005,128.690002,132.610001,7709300,132.610001
2015-08-27,134.399994,136.309998,133.220001,136.229996,5923000,136.229996
2015-08-28,135.529999,136,134.729996,135.740005,3897800,135.740005
2015-08-31,135.089996,135.5,133.419998,134.039993,5575500,134.039993
2015-09-01,131.789993,132.270004,129.830002,130.410004,5957900,130.410004
2015-09-02,131.410004,132.220001,130.759995,132.220001,4080300,132.220001
2015-09-03,132.710007,133.619995,131.690002,132.149994,3984400,132.149994
2015-09-04,130.820007,131.080002,128.910004,129.639999,5828600,129.639999
2015-09-08,132.020004,133.070007,131.169998,132.899994,5729300,132.899994
2015-09-09,134.5,134.660004,130.300003,130.589996,4482600,130.589996
2015-09-10,130.229996,131.789993,130.199997,130.660004,4482400,130.660004
2015-09-11,130.880005,131.550003,130.25,131.369995,4181800,131.369995
2015-09-14,131.149994,131.690002,130.539993,130.899994,4270000,130.899994
2015-09-15,131,132.649994,130.759995,132.259995,3189600,132.259995
2015-09-16,132.259995,132.850006,132.020004,132.580002,3041500,132.580002
2015-09-17,132.289993,133.600006,131.270004,131.470001,4414500,131.470001
2015-09-18,130.070007,130.960007,128.940002,129.100006,14622800,129.100006
2015-09-21,130,131.309998,129.720001,130.979996,4804900,130.979996
2015-09-22,129.559998,129.690002,128.360001,129.300003,4230800,129.300003
2015-09-23,129.309998,129.490005,128.309998,129.160004,2947800,129.160004
2015-09-24,128.25,129.220001,127.75,128.830002,3705600,128.830002
2015-09-25,130.029999,130.580002,129,129.639999,3487200,129.639999
2015-09-28,128.589996,129.259995,128.399994,128.619995,4412400,128.619995
2015-09-29,128.440002,128.960007,127.669998,128.809998,4071500,128.809998
2015-09-30,129.860001,130.399994,128.669998,130.399994,4726900,130.399994
2015-10-01,130.550003,131.399994,129.279999,129.880005,3962200,129.880005
2015-10-02,128.5,129.940002,127.459999,129.830002,5183800,129.830002
2015-10-05,130.5,132.440002,130.380005,132.380005,3885400,132.380005
2015-10-06,132.289993,132.410004,130.940002,131.190002,4804800,131.190002
2015-10-07,132.050003,133.320007,131.759995,132.679993,3423400,132.679993
2015-10-08,132.279999,134,132.240005,133.75,2734300,133.75
2015-10-09,133.720001,134.380005,132.179993,133.029999,3202100,133.029999
2015-10-12,133.399994,134.050003,132.860001,133.399994,1973600,133.399994
2015-10-13,133,133.270004,131.910004,132.190002,2802400,132.190002
2015-10-14,132,132.449997,131.050003,131.179993,3125100,131.179993
2015-10-15,131.979996,133.830002,131.550003,133.800003,3273300,133.800003
2015-10-16,134.729996,135,132.960007,133.809998,3061800,133.809998
2015-10-19,133.5,133.889999,133.110001,133.619995,2158800,133.619995
2015-10-20,133.270004,134.399994,133.100006,134.160004,2112700,134.160004
2015-10-21,134.710007,135.410004,133.110001,133.220001,2396800,133.220001
2015-10-22,133.600006,137.699997,133.600006,137.289993,4898300,137.289993
2015-10-23,138,138,136.759995,137.779999,3172900,137.779999
2015-10-26,137.860001,137.940002,136.639999,137,2173300,137
2015-10-27,136.399994,136.669998,135.070007,135.630005,2278300,135.630005
2015-10-28,135.800003,138.410004,135.479996,138.160004,3244800,138.160004
2015-10-29,138.100006,138.5,137.229996,137.889999,2089100,137.889999
2015-10-30,137.559998,137.869995,136.020004,136.020004,4228200,136.020004
2015-11-02,136.770004,138.619995,136.330002,138.399994,3259300,138.399994
2015-11-03,138.300003,138.479996,137.710007,137.940002,2617800,137.940002
2015-11-04,138,138.080002,137.059998,137.429993,2606300,137.429993
2015-11-05,137.479996,138.029999,136.320007,136.570007,2461500,136.570007
2015-11-06,136.440002,137.190002,135.139999,136.330002,3732200,136.330002
2015-11-09,136,136.190002,133.399994,134,4884600,134
2015-11-10,134,134.729996,133.639999,134.729996,2932500,134.729996
2015-11-11,134.940002,135.199997,134.119995,134.960007,2056700,134.960007
2015-11-12,134.460007,134.630005,132.770004,132.779999,3789800,132.779999
2015-11-13,132.610001,133.570007,131.740005,131.960007,3589400,131.960007
2015-11-16,131.820007,133.309998,131.470001,133.300003,2965600,133.300003
2015-11-17,133.850006,133.929993,132.679993,133.089996,2882800,133.089996
2015-11-18,133.470001,136.380005,133.270004,136.220001,3773000,136.220001
2015-11-19,136.190002,136.869995,135.830002,136.630005,2755700,136.630005
2015-11-20,137.339996,137.419998,135.960007,136.630005,2921300,136.630005
2015-11-23,136.289993,136.779999,135.839996,135.990005,2469500,135.990005
2015-11-24,135.089996,135.880005,134.119995,135.539993,2759500,135.539993
2015-11-25,135.479996,136,134.839996,135.130005,2137400,135.130005
2015-11-27,135.300003,135.580002,134.449997,134.630005,1243000,134.630005
2015-11-30,134.820007,135.089996,133.820007,134.089996,5087800,134.089996
2015-12-01,134.860001,136.570007,134.360001,136.429993,3796900,136.429993
2015-12-02,136.5,136.740005,135.100006,135.270004,3710800,135.270004
2015-12-03,135.330002,135.539993,132.289993,132.660004,4378300,132.660004
2015-12-04,133.089996,136.520004,133,136.479996,5520200,136.479996
2015-12-07,136.199997,136.449997,134.679993,135.600006,2794900,135.600006
2015-12-08,134.899994,134.990005,133.169998,133.360001,4055600,133.360001
2015-12-09,133.179993,134.149994,131.199997,131.710007,4062900,131.710007
2015-12-10,131.720001,132.619995,131.190002,131.710007,3461200,131.710007
2015-12-11,130.309998,130.910004,129.559998,130.309998,5483100,130.309998
2015-12-14,130.5,132.229996,130.110001,132.020004,4418700,132.020004
2015-12-15,133.25,135.639999,132.759995,134.880005,4703300,134.880005
2015-12-16,135.490005,136.119995,133.100006,135.880005,4930300,135.880005
2015-12-17,135.710007,136.160004,133.899994,133.970001,3595900,133.970001
2015-12-18,133.039993,133.169998,129.529999,129.529999,8791500,129.529999
2015-12-21,131.160004,131.690002,129.649994,131.190002,4308400,131.190002
2015-12-22,131.550003,133.330002,131.039993,133.139999,3714500,133.139999
2015-12-23,133.350006,134.429993,133.199997,134.149994,3483200,134.149994
2015-12-24,134.119995,134.550003,133.479996,133.889999,1367500,133.889999
2015-12-28,133.479996,133.539993,132.520004,133.119995,2382900,133.119995
2015-12-29,134,134.550003,133,134.139999,3135400,134.139999
2015-12-30,133.919998,134.119995,133.059998,133.259995,2684300,133.259995
2015-12-31,133,133.369995,131.949997,132.039993,3333900,132.039993
2016-01-04,130.160004,131.029999,128.759995,130.75,6869100,130.75
2016-01-05,130.75,131.529999,129.809998,131.25,4084600,131.25
2016-01-06,129.990005,131.759995,129.729996,131.330002,5219400,131.330002
2016-01-07,129.25,130.539993,129,129.479996,7382000,129.479996
2016-01-08,130.110001,130.399994,128.210007,128.330002,6101600,128.330002
2016-01-11,128.919998,129.229996,127.040001,128.360001,4353500,128.360001
2016-01-12,129.110001,129.419998,127.519997,128.800003,4723400,128.800003
2016-01-13,128.970001,129.380005,125.709999,126.25,6042400,126.25
2016-01-14,126.410004,128.990005,126.010002,128.070007,6125300,128.070007
2016-01-15,125.339996,126.809998,124.510002,126.139999,8109500,126.139999
2016-01-19,126.860001,128.270004,126.769997,127.760002,5831700,127.760002
2016-01-20,125.599998,126.120003,124.040001,124.830002,8024200,124.830002
2016-01-21,125.519997,126.75,124.370003,125.620003,3806100,125.620003
2016-01-22,127.5,127.93,125.919998,127.040001,3765700,127.040001
2016-01-25,126.550003,126.900002,123.900002,124.129997,5251500,124.129997
2016-01-26,124.57,126.519997,124.57,125.889999,3694900,125.889999
2016-01-27,125.260002,127.220001,124.610001,125.190002,3942600,125.190002
2016-01-28,126,126.720001,124.370003,126.010002,3513300,126.010002
2016-01-29,126.660004,129.770004,126.110001,129.770004,6523800,129.770004
2016-02-01,128.940002,129.639999,127.540001,128.660004,4443300,128.660004
2016-02-02,127.519997,127.830002,125.510002,125.699997,4336700,125.699997
2016-02-03,126.339996,126.629997,123.550003,126.239998,6607500,126.239998
2016-02-04,126.089996,127.699997,125.75,127.440002,4596300,127.440002
2016-02-05,127.279999,127.389999,125.75,126.559998,4732600,126.559998
2016-02-08,125.699997,127.839996,124.93,126.779999,6197700,126.779999
2016-02-09,125.150002,128.080002,125.150002,127.720001,5246300,127.720001
2016-02-10,128.440002,129.179993,126.290001,126.580002,4731100,126.580002
2016-02-11,124.110001,125.839996,124.040001,125.089996,6061300,125.089996
2016-02-12,126.760002,128.210007,126.050003,128.070007,5167600,128.070007
2016-02-16,129.440002,129.600006,128.070007,128.559998,5912500,128.559998
2016-02-17,129.169998,130.440002,128.910004,130.259995,4512100,130.259995
2016-02-18,130.600006,132.350006,130.589996,130.860001,3866300,130.860001
2016-02-19,130.350006,131.600006,130.009995,131.050003,4094200,131.050003
2016-02-22,132.190002,132.869995,131.330002,131.990005,3720400,131.990005
2016-02-23,131.119995,131.910004,130.649994,130.740005,3091500,130.740005
2016-02-24,129.899994,131.5,128.880005,131.029999,3635800,131.029999
2016-02-25,131.619995,132.369995,130.419998,132.309998,3504200,132.309998
2016-02-26,132.820007,133.289993,131.770004,131.919998,3851400,131.919998
2016-02-29,133.360001,135.110001,132.940002,134.169998,7730100,134.169998
2016-03-01,135.110001,136.940002,134.320007,136.940002,6068600,136.940002
2016-03-02,136.949997,137.149994,135.809998,136.729996,3777800,136.729996
2016-03-03,136.800003,137.240005,136.130005,136.839996,3936500,136.839996
2016-03-04,136.990005,138.059998,136.520004,137.970001,4228600,137.970001
2016-03-07,137.699997,138.789993,137.429993,138.720001,4571900,138.720001
2016-03-08,138.25,138.699997,137.490005,137.800003,4124500,137.800003
2016-03-09,138.550003,139.149994,138.070007,139.130005,3165600,139.130005
2016-03-10,139.75,139.75,137.809998,138.619995,4524300,138.619995
2016-03-11,139.339996,140.759995,139.110001,140.649994,4306900,140.649994
2016-03-14,140.800003,141.220001,139.479996,139.720001,4244200,139.720001
2016-03-15,139.119995,140.410004,139.009995,140.399994,2838200,140.399994
2016-03-16,139.839996,140.440002,139.509995,139.830002,3124200,139.830002
2016-03-17,140,142.580002,139.679993,142.399994,4461000,142.399994
2016-03-18,142.830002,142.960007,141.440002,142.160004,7612100,142.160004
2016-03-21,142.160004,142.610001,141.710007,142.130005,2441000,142.130005
2016-03-22,141.979996,142.990005,141.660004,142.179993,3288100,142.179993
2016-03-23,142.169998,142.169998,140.899994,140.960007,2647100,140.960007
2016-03-24,140.220001,140.600006,139.559998,140.110001,3777900,140.110001
2016-03-28,140.949997,141.619995,140.330002,141.289993,2668100,141.289993
2016-03-29,141.289993,142.039993,140.5,141.899994,3346200,141.899994
2016-03-30,142.910004,143.399994,142.289993,142.460007,3161300,142.460007
2016-03-31,142.559998,143.050003,141.479996,141.880005,3520200,141.880005
2016-04-01,141.210007,144.050003,141.110001,143.789993,3985700,143.789993
2016-04-04,143.990005,143.990005,142.770004,143.220001,3163900,143.220001
2016-04-05,142.419998,142.479996,140.929993,141.199997,3166500,141.199997
2016-04-06,141.309998,141.820007,140.419998,141.699997,2820200,141.699997
2016-04-07,140.929993,141.199997,140.270004,140.809998,2920500,140.809998
2016-04-08,141.529999,141.990005,140.679993,141.059998,2118400,141.059998
2016-04-11,141.789993,142.089996,140.960007,140.990005,2381100,140.990005
2016-04-12,141.25,142.490005,140.979996,142.399994,2649300,142.399994
2016-04-13,142.949997,144.139999,142.889999,144.039993,3562800,144.039993
2016-04-14,144.100006,144.350006,143.470001,143.720001,2487300,143.720001
2016-04-15,144.139999,144.160004,142.940002,143.449997,3124100,143.449997
2016-04-18,143,144.479996,142.949997,144.380005,2762000,144.380005
2016-04-19,144.779999,146.380005,144.509995,145.949997,3657500,145.949997
2016-04-20,145.979996,146.440002,145.380005,146.089996,2289000,146.089996
2016-04-21,146.089996,146.419998,144.669998,144.860001,2879800,144.860001
2016-04-22,145.320007,146.389999,144.970001,146.110001,2692400,146.110001
2016-04-25,145.649994,146.369995,145.5,146.179993,2198700,146.179993
2016-04-26,146.589996,147.160004,146.300003,147.020004,2942600,147.020004
2016-04-27,146.899994,148.029999,146.5,147.600006,2991400,147.600006
2016-04-28,146.639999,147.460007,145.759995,146.070007,2498100,146.070007
2016-04-29,145.399994,146.220001,144.520004,145.479996,3895600,145.479996
2016-05-02,145.770004,147.139999,145.690002,146.889999,2774600,146.889999
2016-05-03,145.910004,146.089996,144.080002,144.830002,3551500,144.830002
2016-05-04,144.160004,144.399994,143.330002,144.240005,2483200,144.240005
2016-05-05,144.220001,144.820007,143.479996,143.880005,2438200,143.880005
2016-05-06,143.820007,144.839996,143.330002,144.619995,2288100,144.619995
2016-05-09,144.539993,144.539993,141.919998,142.910004,3644600,142.910004
2016-05-10,143.309998,144.899994,143.25,144.779999,3131000,144.779999
2016-05-11,144.880005,144.979996,142.75,142.869995,2939900,142.869995
2016-05-12,143.460007,143.720001,142.309998,143.309998,2431200,143.309998
2016-05-13,143.210007,143.699997,141.130005,141.399994,3232100,141.399994
2016-05-16,141.399994,142.149994,141.210007,141.850006,2873300,141.850006
2016-05-17,141.970001,141.990005,139.899994,140.339996,3963900,140.339996
2016-05-18,140.179993,141.850006,139.949997,141.470001,2917800,141.470001
2016-05-19,141.070007,141.649994,139.679993,140.789993,2803700,140.789993
2016-05-20,141.479996,142.490005,141.160004,141.830002,3171000,141.830002
2016-05-23,141.850006,142,141.050003,141.479996,2049000,141.479996
2016-05-24,141.949997,144.050003,141.729996,143.710007,3268800,143.710007
2016-05-25,143.720001,144.940002,143.720001,144.080002,2933900,144.080002
2016-05-26,144,144.190002,142.880005,143.050003,2742000,143.050003
2016-05-27,143.490005,143.619995,142.770004,143.350006,2284100,143.350006
2016-05-31,143.889999,144.139999,140.539993,140.539993,6564700,140.539993
2016-06-01,140.970001,142.089996,140.369995,141.990005,3278000,141.990005
2016-06-02,141.649994,142.110001,140.960007,142.110001,2757300,142.110001
2016-06-03,141.160004,141.520004,140.110001,141.139999,3153300,141.139999
2016-06-06,141.619995,142.5,141.389999,141.820007,2686300,141.820007
2016-06-07,142.160004,142.490005,141.389999,141.410004,2729800,141.410004
2016-06-08,141.570007,142.690002,141.529999,142.529999,2390600,142.529999
2016-06-09,142.050003,142.509995,141.160004,142.229996,2187000,142.229996
2016-06-10,141.309998,142.360001,141.240005,141.759995,2579800,141.759995
2016-06-13,141.229996,142.649994,140.940002,140.940002,2973600,140.940002
2016-06-14,140.789993,141.550003,140.509995,141.300003,3476000,141.300003
2016-06-15,141.740005,142.169998,140.320007,140.449997,3219700,140.449997
2016-06-16,140.089996,142.050003,138.960007,141.990005,3639800,141.990005
2016-06-17,141.979996,142,140.449997,140.729996,5394100,140.729996
2016-06-20,141.960007,142.940002,141.630005,141.669998,4038700,141.669998
2016-06-21,142.059998,143.630005,141.850006,143.529999,3677400,143.529999
2016-06-22,143.630005,144.660004,143.570007,143.940002,3659700,143.940002
2016-06-23,144.970001,146,144.600006,145.979996,4493600,145.979996
2016-06-24,140.740005,142,139.470001,139.710007,12476300,139.710007
2016-06-27,138.789993,139,136.649994,138.5,6328200,138.5
2016-06-28,139.789993,140.360001,138.289993,140.279999,5312300,140.279999
2016-06-29,141.300003,142.119995,139.910004,142.119995,4257100,142.119995
2016-06-30,142.210007,144.820007,142.100006,144.789993,5196400,144.789993
2016-07-01,144.589996,144.830002,143.75,143.960007,2874400,143.960007
2016-07-05,143.190002,143.559998,141.759995,142.229996,3426300,142.229996
2016-07-06,141.899994,142.639999,140.949997,142.509995,2804700,142.509995
2016-07-07,142.380005,143.039993,141.190002,141.910004,2863600,141.910004
2016-07-08,143.350006,143.740005,142.720001,143.649994,3718100,143.649994
2016-07-11,143.75,144.229996,143.429993,143.929993,3194200,143.929993
2016-07-12,144.529999,145.029999,143.979996,144.669998,3158100,144.669998
2016-07-13,144.880005,145.990005,144.410004,145.929993,3274500,145.929993
2016-07-14,146.25,146.660004,145.460007,145.729996,3322200,145.729996
2016-07-15,146.25,146.440002,145.119995,145.970001,3860800,145.970001
2016-07-18,146,146.710007,146,146.570007,3128000,146.570007
2016-07-19,146.059998,146.990005,145.850006,146.919998,3543300,146.919998
2016-07-20,146.809998,146.940002,145.699997,146.169998,2855300,146.169998
2016-07-21,146.009995,146.220001,144.190002,144.350006,3212200,144.350006
2016-07-22,144.720001,144.850006,143.889999,144.600006,3142000,144.600006
2016-07-25,144.869995,145,143.600006,144.139999,2483900,144.139999
2016-07-26,144.339996,144.850006,143.830002,144.339996,2466400,144.339996
2016-07-27,144.270004,144.75,143.699997,144.190002,2611700,144.190002
2016-07-28,143.919998,144.690002,143.479996,144.419998,1944600,144.419998
2016-07-29,144.089996,144.600006,143.779999,144.270004,2589300,144.270004
2016-08-01,144.619995,144.770004,143.580002,143.929993,2051300,143.929993
2016-08-02,143.949997,143.990005,142.960007,143.309998,2457000,143.309998
2016-08-03,143.350006,143.880005,142.979996,143.630005,2217100,143.630005
2016-08-04,143.800003,143.910004,142.919998,143.119995,1848600,143.119995
2016-08-05,144,145.649994,143.919998,145.649994,3926000,145.649994
2016-08-08,145.289993,145.649994,144.229996,145.559998,3516300,145.559998
2016-08-09,145.960007,147.449997,145.449997,147.220001,3680500,147.220001
2016-08-10,147,147.270004,146.130005,146.690002,2465200,146.690002
2016-08-11,146.460007,147.979996,146.440002,147.740005,3272200,147.740005
2016-08-12,147.119995,147.75,146.690002,147.720001,2586700,147.720001
2016-08-15,147.720001,147.919998,147.119995,147.779999,2195800,147.779999
2016-08-16,147.619995,147.949997,147.220001,147.240005,2121300,147.240005
2016-08-17,147.419998,149.330002,147,149.080002,3044200,149.080002
2016-08-18,149.190002,149.360001,148.529999,148.809998,2185400,148.809998
2016-08-19,148.399994,148.839996,147.789993,148.75,2641200,148.75
2016-08-22,148.509995,148.800003,147.850006,148.449997,1765000,148.449997
2016-08-23,148.580002,149.240005,148.580002,148.770004,2019100,148.770004
2016-08-24,148.5,148.839996,148.130005,148.410004,2269400,148.410004
2016-08-25,148.240005,148.710007,148.110001,148.639999,2449700,148.639999
2016-08-26,148.649994,149.229996,147.220001,147.910004,2872800,147.910004
2016-08-29,148.229996,149.679993,148,149.300003,2726600,149.300003
2016-08-30,149.25,150.240005,149.229996,150.229996,2832200,150.229996
2016-08-31,150,150.899994,148.660004,150.490005,5338700,150.490005
2016-09-01,150.699997,151,148.820007,150.350006,3020800,150.350006
2016-09-02,150.690002,151.050003,149.970001,150.720001,2258200,150.720001
2016-09-06,150.539993,150.979996,149.309998,150.429993,4460800,150.429993
2016-09-07,150,150.490005,149.339996,149.580002,2437100,149.580002
2016-09-08,149.600006,150.100006,149.300003,149.779999,2963400,149.779999
2016-09-09,149.100006,149.589996,146.559998,146.619995,4342700,146.619995
2016-09-12,146.369995,149.389999,145.940002,148.970001,4323800,148.970001
2016-09-13,147.949997,148.130005,145.550003,146.229996,5505900,146.229996
2016-09-14,146.020004,146.910004,145.330002,145.779999,3097300,145.779999
2016-09-15,146,147.080002,145.470001,146.660004,3255500,146.660004
2016-09-16,146.110001,146.229996,144.679993,145.009995,11133700,145.009995
2016-09-19,145.339996,146.190002,144.929993,145.240005,3031800,145.240005
2016-09-20,145.979996,145.979996,144.759995,144.919998,2367000,144.919998
2016-09-21,145.649994,146.490005,144.979996,146.460007,3768900,146.460007
2016-09-22,146.75,147.089996,146.130005,146.529999,2770900,146.529999
2016-09-23,146.300003,146.490005,145,145,3697800,145
2016-09-26,144.520004,144.960007,144,144.179993,2863700,144.179993
2016-09-27,144.279999,145.380005,144.009995,145.339996,2934600,145.339996
2016-09-28,145.279999,145.419998,144.029999,145.279999,3246500,145.279999
2016-09-29,145.179993,145.520004,143.360001,143.589996,3313800,143.589996
2016-09-30,144.270004,145.380005,144.270004,144.470001,4416500,144.470001
2016-10-03,144.270004,144.309998,143.210007,143.759995,3493800,143.759995
2016-10-04,143.740005,144.199997,142.800003,143.169998,3058900,143.169998
2016-10-05,143.649994,144.289993,143.210007,144.149994,2998800,144.149994
2016-10-06,144,144.100006,143.300003,143.869995,2279500,143.869995
2016-10-07,143.929993,144.940002,143.779999,144.520004,3093800,144.520004
2016-10-10,145.050003,145.679993,144.979996,145.199997,1884100,145.199997
2016-10-11,145.130005,145.139999,143.529999,143.949997,2723000,143.949997
2016-10-12,143.860001,145.289993,143.860001,144.910004,2558100,144.910004
2016-10-13,143.789993,144.050003,141.919998,143.220001,4657600,143.220001
2016-10-14,143.910004,144.889999,143.580002,144.179993,2932800,144.179993
2016-10-17,144.5,144.759995,143.369995,143.800003,2552800,143.800003
2016-10-18,144.649994,145.089996,144.130005,144.300003,2378500,144.300003
2016-10-19,144.869995,145.710007,144.479996,144.860001,2309300,144.860001
2016-10-20,144.619995,145.429993,144.190002,144.490005,2505000,144.490005
2016-10-21,143.539993,143.949997,142.800003,143.600006,3075400,143.600006
2016-10-24,144.089996,144.889999,143.679993,143.830002,2223800,143.830002
2016-10-25,143.699997,144.160004,143.210007,143.419998,2349500,143.419998
2016-10-26,143.380005,144.460007,143.119995,143.940002,2769700,143.940002
2016-10-27,144.190002,144.779999,143.869995,144.449997,2914800,144.449997
2016-10-28,144.839996,145.289993,142.899994,144,2789900,144
2016-10-31,144.300003,144.690002,144,144.300003,3229500,144.300003
2016-11-01,144.679993,144.860001,143.110001,143.630005,3339400,143.630005
2016-11-02,143.179993,143.860001,142.910004,143.190002,3178500,143.190002
2016-11-03,143.25,144.449997,143.199997,143.639999,2691800,143.639999
2016-11-04,143.449997,143.800003,142.350006,142.949997,3493300,142.949997
2016-11-07,144.710007,147.169998,144.300003,146.910004,5236000,146.910004
2016-11-08,146.889999,148.139999,146.399994,147.789993,3636000,147.789993
2016-11-09,146.100006,151.639999,145.100006,151.279999,8687800,151.279999
2016-11-10,152,156.610001,151.679993,156.059998,8142500,156.059998
2016-11-11,155.300003,157.279999,155.149994,156.919998,4514400,156.919998
2016-11-14,157.479996,158.160004,156.529999,157.929993,5520400,157.929993
2016-11-15,157.610001,157.820007,156.089996,157.460007,4780100,157.460007
2016-11-16,157.020004,157.589996,156.020004,157.080002,4468900,157.080002
2016-11-17,156.809998,158.639999,156.300003,158.389999,4169100,158.389999
2016-11-18,158.350006,158.479996,157.169998,157.75,3383300,157.75
2016-11-21,158.100006,158.710007,157.419998,158.710007,2847400,158.710007
2016-11-22,159.009995,159.089996,157.830002,158.660004,3143300,158.660004
2016-11-23,158.660004,159,157.279999,158.110001,3050700,158.110001
2016-11-25,158.630005,158.630005,157.600006,158.179993,1777200,158.179993
2016-11-28,157.899994,158.490005,156.889999,156.970001,4204300,156.970001
2016-11-29,157.509995,157.979996,156.820007,157.679993,2973300,157.679993
2016-11-30,158.419998,158.889999,157.419998,157.440002,5145600,157.440002
2016-12-01,157.580002,160.240005,157.509995,160.119995,4578600,160.119995
2016-12-02,160.050003,160.119995,158.699997,159.389999,3854400,159.389999
2016-12-05,160.25,160.679993,159.270004,160.210007,4870400,160.210007
2016-12-06,160.570007,161.550003,159.929993,161.339996,3543600,161.339996
2016-12-07,161.940002,164.690002,161.399994,164.690002,6043200,164.690002
2016-12-08,164.979996,165.949997,163.520004,164.110001,4902500,164.110001
2016-12-09,164.279999,165.160004,163.070007,164.860001,3887900,164.860001
2016-12-12,164.649994,166.639999,164.350006,166.119995,6759700,166.119995
2016-12-13,166.490005,166.990005,165.399994,166.619995,4359100,166.619995
2016-12-14,166.589996,167.25,164.539993,165.059998,4537400,165.059998
2016-12-15,165.5,167.020004,164.800003,165.729996,3985500,165.729996
2016-12-16,166.139999,166.149994,164.330002,164.759995,7046200,164.759995
2016-12-19,165.190002,165.649994,164.479996,165.350006,2972500,165.350006
2016-12-20,166.149994,166.419998,165.399994,166.360001,3103100,166.360001
2016-12-21,166.399994,166.669998,165.550003,165.949997,2480500,165.949997
2016-12-22,165.770004,166.119995,164.889999,166.029999,2511600,166.029999
2016-12-23,166.259995,166.440002,164.770004,165.320007,2043100,165.320007
2016-12-27,165.509995,165.820007,164.779999,164.949997,2133800,164.949997
2016-12-28,165.449997,165.639999,163.559998,163.75,2626800,163.75
2016-12-29,163.929993,164.470001,163.009995,163.050003,2545300,163.050003
2016-12-30,163.160004,164.029999,162.619995,162.979996,4041400,162.979996
2017-01-03,164.339996,164.710007,162.440002,163.830002,4091000,163.830002
2017-01-04,164.449997,164.570007,163,164.080002,3568900,164.080002
2017-01-05,164.059998,164.139999,162.179993,163.300003,2982500,163.300003
2017-01-06,163.440002,163.800003,162.639999,163.410004,2697000,163.410004
2017-01-09,163.039993,163.25,162.020004,162.020004,3551100,162.020004
2017-01-10,162,162.740005,161.410004,161.470001,2671300,161.470001
2017-01-11,161.470001,162.449997,161.029999,162.229996,3305900,162.229996
2017-01-12,162,162.149994,160.330002,161.410004,3229400,161.410004
2017-01-13,161.809998,163.130005,161.509995,161.899994,3081600,161.899994
2017-01-17,161.960007,162,159.300003,159.639999,4712800,159.639999
2017-01-18,160.039993,160.860001,159.429993,160.490005,3074700,160.490005
2017-01-19,160.820007,161.119995,159.110001,159.410004,3172800,159.410004
2017-01-20,160.210007,160.779999,159.580002,160.210007,4176100,160.210007
2017-01-23,160.190002,160.279999,158.610001,158.809998,3434300,158.809998
2017-01-24,159.259995,161.089996,158.770004,160.720001,4012500,160.720001
2017-01-25,162,164.630005,161.389999,164.25,4500000,164.25
2017-01-26,164.880005,165.029999,164.080002,164.919998,3132400,164.919998
2017-01-27,164.929993,165.300003,163.460007,164.399994,2520300,164.399994
2017-01-30,164.199997,164.910004,163.220001,164.800003,3194400,164.800003
2017-01-31,164.639999,165.059998,163.080002,164.139999,3099600,164.139999
2017-02-01,164.75,165.199997,163.300003,163.610001,2906900,163.610001
2017-02-02,163.309998,163.309998,162.270004,163,3041200,163
2017-02-03,164,164.190002,162.520004,163.940002,3352700,163.940002
2017-02-06,163.880005,163.929993,163.039993,163.419998,2798300,163.419998
2017-02-07,163.619995,163.850006,162.580002,162.929993,2446800,162.929993
2017-02-08,162.899994,163.130005,162.149994,162.869995,2247100,162.869995
2017-02-09,162.869995,164.419998,162.820007,164.039993,2878300,164.039993
2017-02-10,164.589996,164.679993,163.600006,164.009995,3066200,164.009995
2017-02-13,164.710007,166.240005,164.440002,165.850006,2958400,165.850006
2017-02-14,165.850006,167,165.169998,166.949997,3057900,166.949997
2017-02-15,167.210007,167.339996,166.119995,167.279999,4349600,167.279999
2017-02-16,167.279999,167.800003,166.100006,167.740005,3152200,167.740005
2017-02-17,167.559998,168.699997,166.710007,168.570007,3716900,168.570007
2017-02-21,168.919998,169.649994,168.470001,168.919998,4416900,168.919998
2017-02-22,168.919998,169.699997,168.330002,169.610001,3299400,169.610001
2017-02-23,169.960007,170.160004,169.110001,170.149994,3377100,170.149994
2017-02-24,169.399994,170.279999,169.220001,170.220001,4023400,170.220001
2017-02-27,170.899994,171.199997,170.320007,170.630005,3738600,170.630005
2017-02-28,170.899994,172.199997,170.509995,171.419998,6464500,171.419998
2017-03-01,173.699997,177.410004,173.699997,177.279999,7137600,177.279999
2017-03-02,177.860001,177.860001,175.479996,175.889999,4154800,175.889999
2017-03-03,175.970001,176.460007,175.039993,175.679993,3552000,175.679993
2017-03-06,175.440002,175.880005,174.509995,175.399994,3379100,175.399994
2017-03-07,175.580002,175.759995,174.899994,175.300003,2645400,175.300003
2017-03-08,175.889999,176,174.800003,174.970001,3334400,174.970001
2017-03-09,175.699997,175.850006,174.820007,175.369995,2955800,175.369995
2017-03-10,176,176.139999,174.449997,174.979996,3789700,174.979996
2017-03-13,175.289993,175.600006,174.690002,175.389999,3333500,175.389999
2017-03-14,175.220001,175.429993,174.229996,174.729996,2972300,174.729996
2017-03-15,174.979996,175.080002,173.770004,174.669998,3928500,174.669998
2017-03-16,175.149994,175.429993,173.699997,174.080002,3119600,174.080002
2017-03-17,173.889999,173.889999,172.320007,172.820007,6710700,172.820007
2017-03-20,172.300003,172.869995,171.600006,172.070007,3340700,172.070007
2017-03-21,172.160004,172.440002,169.029999,169.470001,4973900,169.470001
2017-03-22,169.270004,170.039993,168.020004,169.300003,3257000,169.300003
2017-03-23,169.660004,171.360001,169.210007,169.889999,3142900,169.889999
2017-03-24,170.449997,170.449997,168.020004,168.660004,4131900,168.660004
2017-03-27,166.889999,167.509995,165.800003,167.440002,4884700,167.440002
2017-03-28,167.279999,168.610001,166.360001,168.309998,4598000,168.309998
2017-03-29,168,168.300003,166.440002,166.589996,4776400,166.589996
2017-03-30,166.300003,167.690002,166,167.360001,3393700,167.360001
2017-03-31,167.410004,167.600006,166.339996,166.679993,3564700,166.679993
2017-04-03,166.720001,167,165.320007,166.869995,3986900,166.869995
2017-04-04,166.610001,167,166.139999,166.860001,2853000,166.860001
2017-04-05,167.449997,168.229996,165.669998,165.830002,5231100,165.830002
2017-04-06,165.639999,167,165.020004,166.470001,3892300,166.470001
2017-04-07,165.619995,166.889999,165.479996,166.169998,2593400,166.169998
2017-04-10,166.199997,167,165.979996,166.350006,3015900,166.350006
2017-04-11,165.800003,166.220001,164.850006,165.699997,3488200,165.699997
2017-04-12,165.070007,165.479996,164.660004,165.110001,3419700,165.110001
2017-04-13,164.979996,165.279999,162.869995,162.899994,3655100,162.899994
2017-04-17,163.610001,164.630005,162.669998,164.350006,3414100,164.350006
2017-04-18,163.869995,164.229996,163.089996,163.690002,2985800,163.690002
2017-04-19,164.100006,164.490005,162.279999,162.759995,3932900,162.759995
2017-04-20,163.289993,165.240005,163.039993,164.979996,3729200,164.979996
2017-04-21,164.399994,164.949997,163.339996,163.410004,5122400,163.410004
2017-04-24,165.699997,165.990005,164.399994,165.779999,4135500,165.779999
2017-04-25,166.919998,167.960007,166.600006,167.529999,4268500,167.529999
2017-04-26,167.5,168.949997,167.25,167.630005,4084300,167.630005
2017-04-27,167.649994,167.809998,165.5,166.550003,4290200,166.550003
2017-04-28,166.279999,166.550003,164.679993,165.210007,3045000,165.210007
2017-05-01,165.800003,166.320007,165.350006,165.440002,3135400,165.440002
2017-05-02,165.899994,166.330002,165.160004,166.050003,2781200,166.050003
2017-05-03,165.699997,167.080002,165.5,166.729996,2982200,166.729996
2017-05-04,167.639999,168.039993,166.220001,166.339996,3643500,166.339996
2017-05-05,167.119995,167.139999,165.880005,166.550003,3578500,166.550003
2017-05-08,166.5,166.600006,164.100006,165.020004,5163900,165.020004
2017-05-09,165.169998,165.240005,163,163.460007,3840700,163.460007
2017-05-10,163.360001,163.880005,163.029999,163.720001,3237400,163.720001
2017-05-11,163.580002,163.770004,162.389999,163.270004,3285900,163.270004
2017-05-12,163.059998,163.490005,162.470001,163.320007,3525500,163.320007
